id,name,ABILITY1,ABILITY2,HIDDEN_ABILITY,TYPE1,TYPE2,HP,ATTACK,DEFENSE,SPECIAL_ATTACK,SPECIAL_DEFENSE,SPEED,TOTAL_STAT
1,bulbasaur,overgrow,none,chlorophyll,grass,poison,45,49,49,65,65,45,318
2,ivysaur,overgrow,none,chlorophyll,grass,poison,60,62,63,80,80,60,405
3,venusaur,overgrow,none,chlorophyll,grass,poison,80,82,83,100,100,80,525
4,charmander,blaze,none,solar-power,fire,none,39,52,43,60,50,65,309
5,charmeleon,blaze,none,solar-power,fire,none,58,64,58,80,65,80,405
6,charizard,blaze,none,solar-power,fire,flying,78,84,78,109,85,100,534
7,squirtle,torrent,none,rain-dish,water,none,44,48,65,50,64,43,314
8,wartortle,torrent,none,rain-dish,water,none,59,63,80,65,80,58,405
9,blastoise,torrent,none,rain-dish,water,none,79,83,100,85,105,78,530
10,caterpie,shield-dust,none,run-away,bug,none,45,30,35,20,20,45,195
11,metapod,shed-skin,none,none,bug,none,50,20,55,25,25,30,205
12,butterfree,compound-eyes,none,tinted-lens,bug,flying,60,45,50,90,80,70,395
13,weedle,shield-dust,none,run-away,bug,poison,40,35,30,20,20,50,195
14,kakuna,shed-skin,none,none,bug,poison,45,25,50,25,25,35,205
15,beedrill,swarm,none,sniper,bug,poison,65,90,40,45,80,75,395
16,pidgey,keen-eye,tangled-feet,big-pecks,normal,flying,40,45,40,35,35,56,251
17,pidgeotto,keen-eye,tangled-feet,big-pecks,normal,flying,63,60,55,50,50,71,349
18,pidgeot,keen-eye,tangled-feet,big-pecks,normal,flying,83,80,75,70,70,101,479
19,rattata,run-away,guts,hustle,normal,none,30,56,35,25,35,72,253
20,raticate,run-away,guts,hustle,normal,none,55,81,60,50,70,97,413
21,spearow,keen-eye,none,sniper,normal,flying,40,60,30,31,31,70,262
22,fearow,keen-eye,none,sniper,normal,flying,65,90,65,61,61,100,442
23,ekans,intimidate,shed-skin,unnerve,poison,none,35,60,44,40,54,55,288
24,arbok,intimidate,shed-skin,unnerve,poison,none,60,95,69,65,79,80,448
25,pikachu,static,none,lightning-rod,electric,none,35,55,40,50,50,90,320
26,raichu,static,none,lightning-rod,electric,none,60,90,55,90,80,110,485
27,sandshrew,sand-veil,none,sand-rush,ground,none,50,75,85,20,30,40,300
28,sandslash,sand-veil,none,sand-rush,ground,none,75,100,110,45,55,65,450
29,nidoran-f,poison-point,rivalry,hustle,poison,none,55,47,52,40,40,41,275
30,nidorina,poison-point,rivalry,hustle,poison,none,70,62,67,55,55,56,365
31,nidoqueen,poison-point,rivalry,sheer-force,poison,ground,90,92,87,75,85,76,505
32,nidoran-m,poison-point,rivalry,hustle,poison,none,46,57,40,40,40,50,273
33,nidorino,poison-point,rivalry,hustle,poison,none,61,72,57,55,55,65,365
34,nidoking,poison-point,rivalry,sheer-force,poison,ground,81,102,77,85,75,85,505
35,clefairy,cute-charm,magic-guard,friend-guard,fairy,none,70,45,48,60,65,35,323
36,clefable,cute-charm,magic-guard,unaware,fairy,none,95,70,73,95,90,60,483
37,vulpix,flash-fire,none,drought,fire,none,38,41,40,50,65,65,299
38,ninetales,flash-fire,none,drought,fire,none,73,76,75,81,100,100,505
39,jigglypuff,cute-charm,competitive,friend-guard,normal,fairy,115,45,20,45,25,20,270
40,wigglytuff,cute-charm,competitive,frisk,normal,fairy,140,70,45,85,50,45,435
41,zubat,inner-focus,none,infiltrator,poison,flying,40,45,35,30,40,55,245
42,golbat,inner-focus,none,infiltrator,poison,flying,75,80,70,65,75,90,455
43,oddish,chlorophyll,none,run-away,grass,poison,45,50,55,75,65,30,320
44,gloom,chlorophyll,none,stench,grass,poison,60,65,70,85,75,40,395
45,vileplume,chlorophyll,none,effect-spore,grass,poison,75,80,85,110,90,50,490
46,paras,effect-spore,dry-skin,damp,bug,grass,35,70,55,45,55,25,285
47,parasect,effect-spore,dry-skin,damp,bug,grass,60,95,80,60,80,30,405
48,venonat,compound-eyes,tinted-lens,run-away,bug,poison,60,55,50,40,55,45,305
49,venomoth,shield-dust,tinted-lens,wonder-skin,bug,poison,70,65,60,90,75,90,450
50,diglett,sand-veil,arena-trap,sand-force,ground,none,10,55,25,35,45,95,265
51,dugtrio,sand-veil,arena-trap,sand-force,ground,none,35,100,50,50,70,120,425
52,meowth,pickup,technician,unnerve,normal,none,40,45,35,40,40,90,290
53,persian,limber,technician,unnerve,normal,none,65,70,60,65,65,115,440
54,psyduck,damp,cloud-nine,swift-swim,water,none,50,52,48,65,50,55,320
55,golduck,damp,cloud-nine,swift-swim,water,none,80,82,78,95,80,85,500
56,mankey,vital-spirit,anger-point,defiant,fighting,none,40,80,35,35,45,70,305
57,primeape,vital-spirit,anger-point,defiant,fighting,none,65,105,60,60,70,95,455
58,growlithe,intimidate,flash-fire,justified,fire,none,55,70,45,70,50,60,350
59,arcanine,intimidate,flash-fire,justified,fire,none,90,110,80,100,80,95,555
60,poliwag,water-absorb,damp,swift-swim,water,none,40,50,40,40,40,90,300
61,poliwhirl,water-absorb,damp,swift-swim,water,none,65,65,65,50,50,90,385
62,poliwrath,water-absorb,damp,swift-swim,water,fighting,90,95,95,70,90,70,510
63,abra,synchronize,inner-focus,magic-guard,psychic,none,25,20,15,105,55,90,310
64,kadabra,synchronize,inner-focus,magic-guard,psychic,none,40,35,30,120,70,105,400
65,alakazam,synchronize,inner-focus,magic-guard,psychic,none,55,50,45,135,95,120,500
66,machop,guts,no-guard,steadfast,fighting,none,70,80,50,35,35,35,305
67,machoke,guts,no-guard,steadfast,fighting,none,80,100,70,50,60,45,405
68,machamp,guts,no-guard,steadfast,fighting,none,90,130,80,65,85,55,505
69,bellsprout,chlorophyll,none,gluttony,grass,poison,50,75,35,70,30,40,300
70,weepinbell,chlorophyll,none,gluttony,grass,poison,65,90,50,85,45,55,390
71,victreebel,chlorophyll,none,gluttony,grass,poison,80,105,65,100,70,70,490
72,tentacool,clear-body,liquid-ooze,rain-dish,water,poison,40,40,35,50,100,70,335
73,tentacruel,clear-body,liquid-ooze,rain-dish,water,poison,80,70,65,80,120,100,515
74,geodude,rock-head,sturdy,sand-veil,rock,ground,40,80,100,30,30,20,300
75,graveler,rock-head,sturdy,sand-veil,rock,ground,55,95,115,45,45,35,390
76,golem,rock-head,sturdy,sand-veil,rock,ground,80,120,130,55,65,45,495
77,ponyta,run-away,flash-fire,flame-body,fire,none,50,85,55,65,65,90,410
78,rapidash,run-away,flash-fire,flame-body,fire,none,65,100,70,80,80,105,500
79,slowpoke,oblivious,own-tempo,regenerator,water,psychic,90,65,65,40,40,15,315
80,slowbro,oblivious,own-tempo,regenerator,water,psychic,95,75,110,100,80,30,490
81,magnemite,magnet-pull,sturdy,analytic,electric,steel,25,35,70,95,55,45,325
82,magneton,magnet-pull,sturdy,analytic,electric,steel,50,60,95,120,70,70,465
83,farfetchd,keen-eye,inner-focus,defiant,normal,flying,52,90,55,58,62,60,377
84,doduo,run-away,early-bird,tangled-feet,normal,flying,35,85,45,35,35,75,310
85,dodrio,run-away,early-bird,tangled-feet,normal,flying,60,110,70,60,60,110,470
86,seel,thick-fat,hydration,ice-body,water,none,65,45,55,45,70,45,325
87,dewgong,thick-fat,hydration,ice-body,water,ice,90,70,80,70,95,70,475
88,grimer,stench,sticky-hold,poison-touch,poison,none,80,80,50,40,50,25,325
89,muk,stench,sticky-hold,poison-touch,poison,none,105,105,75,65,100,50,500
90,shellder,shell-armor,skill-link,overcoat,water,none,30,65,100,45,25,40,305
91,cloyster,shell-armor,skill-link,overcoat,water,ice,50,95,180,85,45,70,525
92,gastly,levitate,none,none,ghost,poison,30,35,30,100,35,80,310
93,haunter,levitate,none,none,ghost,poison,45,50,45,115,55,95,405
94,gengar,cursed-body,none,none,ghost,poison,60,65,60,130,75,110,500
95,onix,rock-head,sturdy,weak-armor,rock,ground,35,45,160,30,45,70,385
96,drowzee,insomnia,forewarn,inner-focus,psychic,none,60,48,45,43,90,42,328
97,hypno,insomnia,forewarn,inner-focus,psychic,none,85,73,70,73,115,67,483
98,krabby,hyper-cutter,shell-armor,sheer-force,water,none,30,105,90,25,25,50,325
99,kingler,hyper-cutter,shell-armor,sheer-force,water,none,55,130,115,50,50,75,475
100,voltorb,soundproof,static,aftermath,electric,none,40,30,50,55,55,100,330
101,electrode,soundproof,static,aftermath,electric,none,60,50,70,80,80,150,490
102,exeggcute,chlorophyll,none,harvest,grass,psychic,60,40,80,60,45,40,325
103,exeggutor,chlorophyll,none,harvest,grass,psychic,95,95,85,125,75,55,530
104,cubone,rock-head,lightning-rod,battle-armor,ground,none,50,50,95,40,50,35,320
105,marowak,rock-head,lightning-rod,battle-armor,ground,none,60,80,110,50,80,45,425
106,hitmonlee,limber,reckless,unburden,fighting,none,50,120,53,35,110,87,455
107,hitmonchan,keen-eye,iron-fist,inner-focus,fighting,none,50,105,79,35,110,76,455
108,lickitung,own-tempo,oblivious,cloud-nine,normal,none,90,55,75,60,75,30,385
109,koffing,levitate,none,none,poison,none,40,65,95,60,45,35,340
110,weezing,levitate,none,none,poison,none,65,90,120,85,70,60,490
111,rhyhorn,lightning-rod,rock-head,reckless,ground,rock,80,85,95,30,30,25,345
112,rhydon,lightning-rod,rock-head,reckless,ground,rock,105,130,120,45,45,40,485
113,chansey,natural-cure,serene-grace,healer,normal,none,250,5,5,35,105,50,450
114,tangela,chlorophyll,leaf-guard,regenerator,grass,none,65,55,115,100,40,60,435
115,kangaskhan,early-bird,scrappy,inner-focus,normal,none,105,95,80,40,80,90,490
116,horsea,swift-swim,sniper,damp,water,none,30,40,70,70,25,60,295
117,seadra,poison-point,sniper,damp,water,none,55,65,95,95,45,85,440
118,goldeen,swift-swim,water-veil,lightning-rod,water,none,45,67,60,35,50,63,320
119,seaking,swift-swim,water-veil,lightning-rod,water,none,80,92,65,65,80,68,450
120,staryu,illuminate,natural-cure,analytic,water,none,30,45,55,70,55,85,340
121,starmie,illuminate,natural-cure,analytic,water,psychic,60,75,85,100,85,115,520
122,mr-mime,soundproof,filter,technician,psychic,fairy,40,45,65,100,120,90,460
123,scyther,swarm,technician,steadfast,bug,flying,70,110,80,55,80,105,500
124,jynx,oblivious,forewarn,dry-skin,ice,psychic,65,50,35,115,95,95,455
125,electabuzz,static,none,vital-spirit,electric,none,65,83,57,95,85,105,490
126,magmar,flame-body,none,vital-spirit,fire,none,65,95,57,100,85,93,495
127,pinsir,hyper-cutter,mold-breaker,moxie,bug,none,65,125,100,55,70,85,500
128,tauros,intimidate,anger-point,sheer-force,normal,none,75,100,95,40,70,110,490
129,magikarp,swift-swim,none,rattled,water,none,20,10,55,15,20,80,200
130,gyarados,intimidate,none,moxie,water,flying,95,125,79,60,100,81,540
131,lapras,water-absorb,shell-armor,hydration,water,ice,130,85,80,85,95,60,535
132,ditto,limber,none,imposter,normal,none,48,48,48,48,48,48,288
133,eevee,run-away,adaptability,anticipation,normal,none,55,55,50,45,65,55,325
134,vaporeon,water-absorb,none,hydration,water,none,130,65,60,110,95,65,525
135,jolteon,volt-absorb,none,quick-feet,electric,none,65,65,60,110,95,130,525
136,flareon,flash-fire,none,guts,fire,none,65,130,60,95,110,65,525
137,porygon,trace,download,analytic,normal,none,65,60,70,85,75,40,395
138,omanyte,swift-swim,shell-armor,weak-armor,rock,water,35,40,100,90,55,35,355
139,omastar,swift-swim,shell-armor,weak-armor,rock,water,70,60,125,115,70,55,495
140,kabuto,swift-swim,battle-armor,weak-armor,rock,water,30,80,90,55,45,55,355
141,kabutops,swift-swim,battle-armor,weak-armor,rock,water,60,115,105,65,70,80,495
142,aerodactyl,rock-head,pressure,unnerve,rock,flying,80,105,65,60,75,130,515
143,snorlax,immunity,thick-fat,gluttony,normal,none,160,110,65,65,110,30,540
144,articuno,pressure,none,snow-cloak,ice,flying,90,85,100,95,125,85,580
145,zapdos,pressure,none,static,electric,flying,90,90,85,125,90,100,580
146,moltres,pressure,none,flame-body,fire,flying,90,100,90,125,85,90,580
147,dratini,shed-skin,none,marvel-scale,dragon,none,41,64,45,50,50,50,300
148,dragonair,shed-skin,none,marvel-scale,dragon,none,61,84,65,70,70,70,420
149,dragonite,inner-focus,none,multiscale,dragon,flying,91,134,95,100,100,80,600
150,mewtwo,pressure,none,unnerve,psychic,none,106,110,90,154,90,130,680
151,mew,synchronize,none,none,psychic,none,100,100,100,100,100,100,600
152,chikorita,overgrow,none,leaf-guard,grass,none,45,49,65,49,65,45,318
153,bayleef,overgrow,none,leaf-guard,grass,none,60,62,80,63,80,60,405
154,meganium,overgrow,none,leaf-guard,grass,none,80,82,100,83,100,80,525
155,cyndaquil,blaze,none,flash-fire,fire,none,39,52,43,60,50,65,309
156,quilava,blaze,none,flash-fire,fire,none,58,64,58,80,65,80,405
157,typhlosion,blaze,none,flash-fire,fire,none,78,84,78,109,85,100,534
158,totodile,torrent,none,sheer-force,water,none,50,65,64,44,48,43,314
159,croconaw,torrent,none,sheer-force,water,none,65,80,80,59,63,58,405
160,feraligatr,torrent,none,sheer-force,water,none,85,105,100,79,83,78,530
161,sentret,run-away,keen-eye,frisk,normal,none,35,46,34,35,45,20,215
162,furret,run-away,keen-eye,frisk,normal,none,85,76,64,45,55,90,415
163,hoothoot,insomnia,keen-eye,tinted-lens,normal,flying,60,30,30,36,56,50,262
164,noctowl,insomnia,keen-eye,tinted-lens,normal,flying,100,50,50,86,96,70,452
165,ledyba,swarm,early-bird,rattled,bug,flying,40,20,30,40,80,55,265
166,ledian,swarm,early-bird,iron-fist,bug,flying,55,35,50,55,110,85,390
167,spinarak,swarm,insomnia,sniper,bug,poison,40,60,40,40,40,30,250
168,ariados,swarm,insomnia,sniper,bug,poison,70,90,70,60,70,40,400
169,crobat,inner-focus,none,infiltrator,poison,flying,85,90,80,70,80,130,535
170,chinchou,volt-absorb,illuminate,water-absorb,water,electric,75,38,38,56,56,67,330
171,lanturn,volt-absorb,illuminate,water-absorb,water,electric,125,58,58,76,76,67,460
172,pichu,static,none,lightning-rod,electric,none,20,40,15,35,35,60,205
173,cleffa,cute-charm,magic-guard,friend-guard,fairy,none,50,25,28,45,55,15,218
174,igglybuff,cute-charm,competitive,friend-guard,normal,fairy,90,30,15,40,20,15,210
175,togepi,hustle,serene-grace,super-luck,fairy,none,35,20,65,40,65,20,245
176,togetic,hustle,serene-grace,super-luck,fairy,flying,55,40,85,80,105,40,405
177,natu,synchronize,early-bird,magic-bounce,psychic,flying,40,50,45,70,45,70,320
178,xatu,synchronize,early-bird,magic-bounce,psychic,flying,65,75,70,95,70,95,470
179,mareep,static,none,plus,electric,none,55,40,40,65,45,35,280
180,flaaffy,static,none,plus,electric,none,70,55,55,80,60,45,365
181,ampharos,static,none,plus,electric,none,90,75,85,115,90,55,510
182,bellossom,chlorophyll,none,healer,grass,none,75,80,95,90,100,50,490
183,marill,thick-fat,huge-power,sap-sipper,water,fairy,70,20,50,20,50,40,250
184,azumarill,thick-fat,huge-power,sap-sipper,water,fairy,100,50,80,60,80,50,420
185,sudowoodo,sturdy,rock-head,rattled,rock,none,70,100,115,30,65,30,410
186,politoed,water-absorb,damp,drizzle,water,none,90,75,75,90,100,70,500
187,hoppip,chlorophyll,leaf-guard,infiltrator,grass,flying,35,35,40,35,55,50,250
188,skiploom,chlorophyll,leaf-guard,infiltrator,grass,flying,55,45,50,45,65,80,340
189,jumpluff,chlorophyll,leaf-guard,infiltrator,grass,flying,75,55,70,55,95,110,460
190,aipom,run-away,pickup,skill-link,normal,none,55,70,55,40,55,85,360
191,sunkern,chlorophyll,solar-power,early-bird,grass,none,30,30,30,30,30,30,180
192,sunflora,chlorophyll,solar-power,early-bird,grass,none,75,75,55,105,85,30,425
193,yanma,speed-boost,compound-eyes,frisk,bug,flying,65,65,45,75,45,95,390
194,wooper,damp,water-absorb,unaware,water,ground,55,45,45,25,25,15,210
195,quagsire,damp,water-absorb,unaware,water,ground,95,85,85,65,65,35,430
196,espeon,synchronize,none,magic-bounce,psychic,none,65,65,60,130,95,110,525
197,umbreon,synchronize,none,inner-focus,dark,none,95,65,110,60,130,65,525
198,murkrow,insomnia,super-luck,prankster,dark,flying,60,85,42,85,42,91,405
199,slowking,oblivious,own-tempo,regenerator,water,psychic,95,75,80,100,110,30,490
200,misdreavus,levitate,none,none,ghost,none,60,60,60,85,85,85,435
201,unown,levitate,none,none,psychic,none,48,72,48,72,48,48,336
202,wobbuffet,shadow-tag,none,telepathy,psychic,none,190,33,58,33,58,33,405
203,girafarig,inner-focus,early-bird,sap-sipper,normal,psychic,70,80,65,90,65,85,455
204,pineco,sturdy,none,overcoat,bug,none,50,65,90,35,35,15,290
205,forretress,sturdy,none,overcoat,bug,steel,75,90,140,60,60,40,465
206,dunsparce,serene-grace,run-away,rattled,normal,none,100,70,70,65,65,45,415
207,gligar,hyper-cutter,sand-veil,immunity,ground,flying,65,75,105,35,65,85,430
208,steelix,rock-head,sturdy,sheer-force,steel,ground,75,85,200,55,65,30,510
209,snubbull,intimidate,run-away,rattled,fairy,none,60,80,50,40,40,30,300
210,granbull,intimidate,quick-feet,rattled,fairy,none,90,120,75,60,60,45,450
211,qwilfish,poison-point,swift-swim,intimidate,water,poison,65,95,85,55,55,85,440
212,scizor,swarm,technician,light-metal,bug,steel,70,130,100,55,80,65,500
213,shuckle,sturdy,gluttony,contrary,bug,rock,20,10,230,10,230,5,505
214,heracross,swarm,guts,moxie,bug,fighting,80,125,75,40,95,85,500
215,sneasel,inner-focus,keen-eye,pickpocket,dark,ice,55,95,55,35,75,115,430
216,teddiursa,pickup,quick-feet,honey-gather,normal,none,60,80,50,50,50,40,330
217,ursaring,guts,quick-feet,unnerve,normal,none,90,130,75,75,75,55,500
218,slugma,magma-armor,flame-body,weak-armor,fire,none,40,40,40,70,40,20,250
219,magcargo,magma-armor,flame-body,weak-armor,fire,rock,60,50,120,90,80,30,430
220,swinub,oblivious,snow-cloak,thick-fat,ice,ground,50,50,40,30,30,50,250
221,piloswine,oblivious,snow-cloak,thick-fat,ice,ground,100,100,80,60,60,50,450
222,corsola,hustle,natural-cure,regenerator,water,rock,65,55,95,65,95,35,410
223,remoraid,hustle,sniper,moody,water,none,35,65,35,65,35,65,300
224,octillery,suction-cups,sniper,moody,water,none,75,105,75,105,75,45,480
225,delibird,vital-spirit,hustle,insomnia,ice,flying,45,55,45,65,45,75,330
226,mantine,swift-swim,water-absorb,water-veil,water,flying,85,40,70,80,140,70,485
227,skarmory,keen-eye,sturdy,weak-armor,steel,flying,65,80,140,40,70,70,465
228,houndour,early-bird,flash-fire,unnerve,dark,fire,45,60,30,80,50,65,330
229,houndoom,early-bird,flash-fire,unnerve,dark,fire,75,90,50,110,80,95,500
230,kingdra,swift-swim,sniper,damp,water,dragon,75,95,95,95,95,85,540
231,phanpy,pickup,none,sand-veil,ground,none,90,60,60,40,40,40,330
232,donphan,sturdy,none,sand-veil,ground,none,90,120,120,60,60,50,500
233,porygon2,trace,download,analytic,normal,none,85,80,90,105,95,60,515
234,stantler,intimidate,frisk,sap-sipper,normal,none,73,95,62,85,65,85,465
235,smeargle,own-tempo,technician,moody,normal,none,55,20,35,20,45,75,250
236,tyrogue,guts,steadfast,vital-spirit,fighting,none,35,35,35,35,35,35,210
237,hitmontop,intimidate,technician,steadfast,fighting,none,50,95,95,35,110,70,455
238,smoochum,oblivious,forewarn,hydration,ice,psychic,45,30,15,85,65,65,305
239,elekid,static,none,vital-spirit,electric,none,45,63,37,65,55,95,360
240,magby,flame-body,none,vital-spirit,fire,none,45,75,37,70,55,83,365
241,miltank,thick-fat,scrappy,sap-sipper,normal,none,95,80,105,40,70,100,490
242,blissey,natural-cure,serene-grace,healer,normal,none,255,10,10,75,135,55,540
243,raikou,pressure,none,inner-focus,electric,none,90,85,75,115,100,115,580
244,entei,pressure,none,inner-focus,fire,none,115,115,85,90,75,100,580
245,suicune,pressure,none,inner-focus,water,none,100,75,115,90,115,85,580
246,larvitar,guts,none,sand-veil,rock,ground,50,64,50,45,50,41,300
247,pupitar,shed-skin,none,none,rock,ground,70,84,70,65,70,51,410
248,tyranitar,sand-stream,none,unnerve,rock,dark,100,134,110,95,100,61,600
249,lugia,pressure,none,multiscale,psychic,flying,106,90,130,90,154,110,680
250,ho-oh,pressure,none,regenerator,fire,flying,106,130,90,110,154,90,680
251,celebi,natural-cure,none,none,psychic,grass,100,100,100,100,100,100,600
252,treecko,overgrow,none,unburden,grass,none,40,45,35,65,55,70,310
253,grovyle,overgrow,none,unburden,grass,none,50,65,45,85,65,95,405
254,sceptile,overgrow,none,unburden,grass,none,70,85,65,105,85,120,530
255,torchic,blaze,none,speed-boost,fire,none,45,60,40,70,50,45,310
256,combusken,blaze,none,speed-boost,fire,fighting,60,85,60,85,60,55,405
257,blaziken,blaze,none,speed-boost,fire,fighting,80,120,70,110,70,80,530
258,mudkip,torrent,none,damp,water,none,50,70,50,50,50,40,310
259,marshtomp,torrent,none,damp,water,ground,70,85,70,60,70,50,405
260,swampert,torrent,none,damp,water,ground,100,110,90,85,90,60,535
261,poochyena,run-away,quick-feet,rattled,dark,none,35,55,35,30,30,35,220
262,mightyena,intimidate,quick-feet,moxie,dark,none,70,90,70,60,60,70,420
263,zigzagoon,pickup,gluttony,quick-feet,normal,none,38,30,41,30,41,60,240
264,linoone,pickup,gluttony,quick-feet,normal,none,78,70,61,50,61,100,420
265,wurmple,shield-dust,none,run-away,bug,none,45,45,35,20,30,20,195
266,silcoon,shed-skin,none,none,bug,none,50,35,55,25,25,15,205
267,beautifly,swarm,none,rivalry,bug,flying,60,70,50,100,50,65,395
268,cascoon,shed-skin,none,none,bug,none,50,35,55,25,25,15,205
269,dustox,shield-dust,none,compound-eyes,bug,poison,60,50,70,50,90,65,385
270,lotad,swift-swim,rain-dish,own-tempo,water,grass,40,30,30,40,50,30,220
271,lombre,swift-swim,rain-dish,own-tempo,water,grass,60,50,50,60,70,50,340
272,ludicolo,swift-swim,rain-dish,own-tempo,water,grass,80,70,70,90,100,70,480
273,seedot,chlorophyll,early-bird,pickpocket,grass,none,40,40,50,30,30,30,220
274,nuzleaf,chlorophyll,early-bird,pickpocket,grass,dark,70,70,40,60,40,60,340
275,shiftry,chlorophyll,early-bird,pickpocket,grass,dark,90,100,60,90,60,80,480
276,taillow,guts,none,scrappy,normal,flying,40,55,30,30,30,85,270
277,swellow,guts,none,scrappy,normal,flying,60,85,60,75,50,125,455
278,wingull,keen-eye,hydration,rain-dish,water,flying,40,30,30,55,30,85,270
279,pelipper,keen-eye,drizzle,rain-dish,water,flying,60,50,100,95,70,65,440
280,ralts,synchronize,trace,telepathy,psychic,fairy,28,25,25,45,35,40,198
281,kirlia,synchronize,trace,telepathy,psychic,fairy,38,35,35,65,55,50,278
282,gardevoir,synchronize,trace,telepathy,psychic,fairy,68,65,65,125,115,80,518
283,surskit,swift-swim,none,rain-dish,bug,water,40,30,32,50,52,65,269
284,masquerain,intimidate,none,unnerve,bug,flying,70,60,62,100,82,80,454
285,shroomish,effect-spore,poison-heal,quick-feet,grass,none,60,40,60,40,60,35,295
286,breloom,effect-spore,poison-heal,technician,grass,fighting,60,130,80,60,60,70,460
287,slakoth,truant,none,none,normal,none,60,60,60,35,35,30,280
288,vigoroth,vital-spirit,none,none,normal,none,80,80,80,55,55,90,440
289,slaking,truant,none,none,normal,none,150,160,100,95,65,100,670
290,nincada,compound-eyes,none,run-away,bug,ground,31,45,90,30,30,40,266
291,ninjask,speed-boost,none,infiltrator,bug,flying,61,90,45,50,50,160,456
292,shedinja,wonder-guard,none,none,bug,ghost,1,90,45,30,30,40,236
293,whismur,soundproof,none,rattled,normal,none,64,51,23,51,23,28,240
294,loudred,soundproof,none,scrappy,normal,none,84,71,43,71,43,48,360
295,exploud,soundproof,none,scrappy,normal,none,104,91,63,91,73,68,490
296,makuhita,thick-fat,guts,sheer-force,fighting,none,72,60,30,20,30,25,237
297,hariyama,thick-fat,guts,sheer-force,fighting,none,144,120,60,40,60,50,474
298,azurill,thick-fat,huge-power,sap-sipper,normal,fairy,50,20,40,20,40,20,190
299,nosepass,sturdy,magnet-pull,sand-force,rock,none,30,45,135,45,90,30,375
300,skitty,cute-charm,normalize,wonder-skin,normal,none,50,45,45,35,35,50,260
301,delcatty,cute-charm,normalize,wonder-skin,normal,none,70,65,65,55,55,90,400
302,sableye,keen-eye,stall,prankster,dark,ghost,50,75,75,65,65,50,380
303,mawile,hyper-cutter,intimidate,sheer-force,steel,fairy,50,85,85,55,55,50,380
304,aron,sturdy,rock-head,heavy-metal,steel,rock,50,70,100,40,40,30,330
305,lairon,sturdy,rock-head,heavy-metal,steel,rock,60,90,140,50,50,40,430
306,aggron,sturdy,rock-head,heavy-metal,steel,rock,70,110,180,60,60,50,530
307,meditite,pure-power,none,telepathy,fighting,psychic,30,40,55,40,55,60,280
308,medicham,pure-power,none,telepathy,fighting,psychic,60,60,75,60,75,80,410
309,electrike,static,lightning-rod,minus,electric,none,40,45,40,65,40,65,295
310,manectric,static,lightning-rod,minus,electric,none,70,75,60,105,60,105,475
311,plusle,plus,none,lightning-rod,electric,none,60,50,40,85,75,95,405
312,minun,minus,none,volt-absorb,electric,none,60,40,50,75,85,95,405
313,volbeat,illuminate,swarm,prankster,bug,none,65,73,75,47,85,85,430
314,illumise,oblivious,tinted-lens,prankster,bug,none,65,47,75,73,85,85,430
315,roselia,natural-cure,poison-point,leaf-guard,grass,poison,50,60,45,100,80,65,400
316,gulpin,liquid-ooze,sticky-hold,gluttony,poison,none,70,43,53,43,53,40,302
317,swalot,liquid-ooze,sticky-hold,gluttony,poison,none,100,73,83,73,83,55,467
318,carvanha,rough-skin,none,speed-boost,water,dark,45,90,20,65,20,65,305
319,sharpedo,rough-skin,none,speed-boost,water,dark,70,120,40,95,40,95,460
320,wailmer,water-veil,oblivious,pressure,water,none,130,70,35,70,35,60,400
321,wailord,water-veil,oblivious,pressure,water,none,170,90,45,90,45,60,500
322,numel,oblivious,simple,own-tempo,fire,ground,60,60,40,65,45,35,305
323,camerupt,magma-armor,solid-rock,anger-point,fire,ground,70,100,70,105,75,40,460
324,torkoal,white-smoke,drought,shell-armor,fire,none,70,85,140,85,70,20,470
325,spoink,thick-fat,own-tempo,gluttony,psychic,none,60,25,35,70,80,60,330
326,grumpig,thick-fat,own-tempo,gluttony,psychic,none,80,45,65,90,110,80,470
327,spinda,own-tempo,tangled-feet,contrary,normal,none,60,60,60,60,60,60,360
328,trapinch,hyper-cutter,arena-trap,sheer-force,ground,none,45,100,45,45,45,10,290
329,vibrava,levitate,none,none,ground,dragon,50,70,50,50,50,70,340
330,flygon,levitate,none,none,ground,dragon,80,100,80,80,80,100,520
331,cacnea,sand-veil,none,water-absorb,grass,none,50,85,40,85,40,35,335
332,cacturne,sand-veil,none,water-absorb,grass,dark,70,115,60,115,60,55,475
333,swablu,natural-cure,none,cloud-nine,normal,flying,45,40,60,40,75,50,310
334,altaria,natural-cure,none,cloud-nine,dragon,flying,75,70,90,70,105,80,490
335,zangoose,immunity,none,toxic-boost,normal,none,73,115,60,60,60,90,458
336,seviper,shed-skin,none,infiltrator,poison,none,73,100,60,100,60,65,458
337,lunatone,levitate,none,none,rock,psychic,90,55,65,95,85,70,460
338,solrock,levitate,none,none,rock,psychic,90,95,85,55,65,70,460
339,barboach,oblivious,anticipation,hydration,water,ground,50,48,43,46,41,60,288
340,whiscash,oblivious,anticipation,hydration,water,ground,110,78,73,76,71,60,468
341,corphish,hyper-cutter,shell-armor,adaptability,water,none,43,80,65,50,35,35,308
342,crawdaunt,hyper-cutter,shell-armor,adaptability,water,dark,63,120,85,90,55,55,468
343,baltoy,levitate,none,none,ground,psychic,40,40,55,40,70,55,300
344,claydol,levitate,none,none,ground,psychic,60,70,105,70,120,75,500
345,lileep,suction-cups,none,storm-drain,rock,grass,66,41,77,61,87,23,355
346,cradily,suction-cups,none,storm-drain,rock,grass,86,81,97,81,107,43,495
347,anorith,battle-armor,none,swift-swim,rock,bug,45,95,50,40,50,75,355
348,armaldo,battle-armor,none,swift-swim,rock,bug,75,125,100,70,80,45,495
349,feebas,swift-swim,oblivious,adaptability,water,none,20,15,20,10,55,80,200
350,milotic,marvel-scale,competitive,cute-charm,water,none,95,60,79,100,125,81,540
351,castform,forecast,none,none,normal,none,70,70,70,70,70,70,420
352,kecleon,color-change,none,protean,normal,none,60,90,70,60,120,40,440
353,shuppet,insomnia,frisk,cursed-body,ghost,none,44,75,35,63,33,45,295
354,banette,insomnia,frisk,cursed-body,ghost,none,64,115,65,83,63,65,455
355,duskull,levitate,none,frisk,ghost,none,20,40,90,30,90,25,295
356,dusclops,pressure,none,frisk,ghost,none,40,70,130,60,130,25,455
357,tropius,chlorophyll,solar-power,harvest,grass,flying,99,68,83,72,87,51,460
358,chimecho,levitate,none,none,psychic,none,75,50,80,95,90,65,455
359,absol,pressure,super-luck,justified,dark,none,65,130,60,75,60,75,465
360,wynaut,shadow-tag,none,telepathy,psychic,none,95,23,48,23,48,23,260
361,snorunt,inner-focus,ice-body,moody,ice,none,50,50,50,50,50,50,300
362,glalie,inner-focus,ice-body,moody,ice,none,80,80,80,80,80,80,480
363,spheal,thick-fat,ice-body,oblivious,ice,water,70,40,50,55,50,25,290
364,sealeo,thick-fat,ice-body,oblivious,ice,water,90,60,70,75,70,45,410
365,walrein,thick-fat,ice-body,oblivious,ice,water,110,80,90,95,90,65,530
366,clamperl,shell-armor,none,rattled,water,none,35,64,85,74,55,32,345
367,huntail,swift-swim,none,water-veil,water,none,55,104,105,94,75,52,485
368,gorebyss,swift-swim,none,hydration,water,none,55,84,105,114,75,52,485
369,relicanth,swift-swim,rock-head,sturdy,water,rock,100,90,130,45,65,55,485
370,luvdisc,swift-swim,none,hydration,water,none,43,30,55,40,65,97,330
371,bagon,rock-head,none,sheer-force,dragon,none,45,75,60,40,30,50,300
372,shelgon,rock-head,none,overcoat,dragon,none,65,95,100,60,50,50,420
373,salamence,intimidate,none,moxie,dragon,flying,95,135,80,110,80,100,600
374,beldum,clear-body,none,light-metal,steel,psychic,40,55,80,35,60,30,300
375,metang,clear-body,none,light-metal,steel,psychic,60,75,100,55,80,50,420
376,metagross,clear-body,none,light-metal,steel,psychic,80,135,130,95,90,70,600
377,regirock,clear-body,none,sturdy,rock,none,80,100,200,50,100,50,580
378,regice,clear-body,none,ice-body,ice,none,80,50,100,100,200,50,580
379,registeel,clear-body,none,light-metal,steel,none,80,75,150,75,150,50,580
380,latias,levitate,none,none,dragon,psychic,80,80,90,110,130,110,600
381,latios,levitate,none,none,dragon,psychic,80,90,80,130,110,110,600
382,kyogre,drizzle,none,none,water,none,100,100,90,150,140,90,670
383,groudon,drought,none,none,ground,none,100,150,140,100,90,90,670
384,rayquaza,air-lock,none,none,dragon,flying,105,150,90,150,90,95,680
385,jirachi,serene-grace,none,none,steel,psychic,100,100,100,100,100,100,600
386,deoxys-normal,pressure,none,none,psychic,none,50,150,50,150,50,150,600
387,turtwig,overgrow,none,shell-armor,grass,none,55,68,64,45,55,31,318
388,grotle,overgrow,none,shell-armor,grass,none,75,89,85,55,65,36,405
389,torterra,overgrow,none,shell-armor,grass,ground,95,109,105,75,85,56,525
390,chimchar,blaze,none,iron-fist,fire,none,44,58,44,58,44,61,309
391,monferno,blaze,none,iron-fist,fire,fighting,64,78,52,78,52,81,405
392,infernape,blaze,none,iron-fist,fire,fighting,76,104,71,104,71,108,534
393,piplup,torrent,none,defiant,water,none,53,51,53,61,56,40,314
394,prinplup,torrent,none,defiant,water,none,64,66,68,81,76,50,405
395,empoleon,torrent,none,defiant,water,steel,84,86,88,111,101,60,530
396,starly,keen-eye,none,reckless,normal,flying,40,55,30,30,30,60,245
397,staravia,intimidate,none,reckless,normal,flying,55,75,50,40,40,80,340
398,staraptor,intimidate,none,reckless,normal,flying,85,120,70,50,60,100,485
399,bidoof,simple,unaware,moody,normal,none,59,45,40,35,40,31,250
400,bibarel,simple,unaware,moody,normal,water,79,85,60,55,60,71,410
401,kricketot,shed-skin,none,run-away,bug,none,37,25,41,25,41,25,194
402,kricketune,swarm,none,technician,bug,none,77,85,51,55,51,65,384
403,shinx,rivalry,intimidate,guts,electric,none,45,65,34,40,34,45,263
404,luxio,rivalry,intimidate,guts,electric,none,60,85,49,60,49,60,363
405,luxray,rivalry,intimidate,guts,electric,none,80,120,79,95,79,70,523
406,budew,natural-cure,poison-point,leaf-guard,grass,poison,40,30,35,50,70,55,280
407,roserade,natural-cure,poison-point,technician,grass,poison,60,70,65,125,105,90,515
408,cranidos,mold-breaker,none,sheer-force,rock,none,67,125,40,30,30,58,350
409,rampardos,mold-breaker,none,sheer-force,rock,none,97,165,60,65,50,58,495
410,shieldon,sturdy,none,soundproof,rock,steel,30,42,118,42,88,30,350
411,bastiodon,sturdy,none,soundproof,rock,steel,60,52,168,47,138,30,495
412,burmy,shed-skin,none,overcoat,bug,none,40,29,45,29,45,36,224
413,wormadam-plant,anticipation,none,overcoat,bug,grass,60,59,85,79,105,36,424
414,mothim,swarm,none,tinted-lens,bug,flying,70,94,50,94,50,66,424
415,combee,honey-gather,none,hustle,bug,flying,30,30,42,30,42,70,244
416,vespiquen,pressure,none,unnerve,bug,flying,70,80,102,80,102,40,474
417,pachirisu,run-away,pickup,volt-absorb,electric,none,60,45,70,45,90,95,405
418,buizel,swift-swim,none,water-veil,water,none,55,65,35,60,30,85,330
419,floatzel,swift-swim,none,water-veil,water,none,85,105,55,85,50,115,495
420,cherubi,chlorophyll,none,none,grass,none,45,35,45,62,53,35,275
421,cherrim,flower-gift,none,none,grass,none,70,60,70,87,78,85,450
422,shellos,sticky-hold,storm-drain,sand-force,water,none,76,48,48,57,62,34,325
423,gastrodon,sticky-hold,storm-drain,sand-force,water,ground,111,83,68,92,82,39,475
424,ambipom,technician,pickup,skill-link,normal,none,75,100,66,60,66,115,482
425,drifloon,aftermath,unburden,flare-boost,ghost,flying,90,50,34,60,44,70,348
426,drifblim,aftermath,unburden,flare-boost,ghost,flying,150,80,44,90,54,80,498
427,buneary,run-away,klutz,limber,normal,none,55,66,44,44,56,85,350
428,lopunny,cute-charm,klutz,limber,normal,none,65,76,84,54,96,105,480
429,mismagius,levitate,none,none,ghost,none,60,60,60,105,105,105,495
430,honchkrow,insomnia,super-luck,moxie,dark,flying,100,125,52,105,52,71,505
431,glameow,limber,own-tempo,keen-eye,normal,none,49,55,42,42,37,85,310
432,purugly,thick-fat,own-tempo,defiant,normal,none,71,82,64,64,59,112,452
433,chingling,levitate,none,none,psychic,none,45,30,50,65,50,45,285
434,stunky,stench,aftermath,keen-eye,poison,dark,63,63,47,41,41,74,329
435,skuntank,stench,aftermath,keen-eye,poison,dark,103,93,67,71,61,84,479
436,bronzor,levitate,heatproof,heavy-metal,steel,psychic,57,24,86,24,86,23,300
437,bronzong,levitate,heatproof,heavy-metal,steel,psychic,67,89,116,79,116,33,500
438,bonsly,sturdy,rock-head,rattled,rock,none,50,80,95,10,45,10,290
439,mime-jr,soundproof,filter,technician,psychic,fairy,20,25,45,70,90,60,310
440,happiny,natural-cure,serene-grace,friend-guard,normal,none,100,5,5,15,65,30,220
441,chatot,keen-eye,tangled-feet,big-pecks,normal,flying,76,65,45,92,42,91,411
442,spiritomb,pressure,none,infiltrator,ghost,dark,50,92,108,92,108,35,485
443,gible,sand-veil,none,rough-skin,dragon,ground,58,70,45,40,45,42,300
444,gabite,sand-veil,none,rough-skin,dragon,ground,68,90,65,50,55,82,410
445,garchomp,sand-veil,none,rough-skin,dragon,ground,108,130,95,80,85,102,600
446,munchlax,pickup,thick-fat,gluttony,normal,none,135,85,40,40,85,5,390
447,riolu,steadfast,inner-focus,prankster,fighting,none,40,70,40,35,40,60,285
448,lucario,steadfast,inner-focus,justified,fighting,steel,70,110,70,115,70,90,525
449,hippopotas,sand-stream,none,sand-force,ground,none,68,72,78,38,42,32,330
450,hippowdon,sand-stream,none,sand-force,ground,none,108,112,118,68,72,47,525
451,skorupi,battle-armor,sniper,keen-eye,poison,bug,40,50,90,30,55,65,330
452,drapion,battle-armor,sniper,keen-eye,poison,dark,70,90,110,60,75,95,500
453,croagunk,anticipation,dry-skin,poison-touch,poison,fighting,48,61,40,61,40,50,300
454,toxicroak,anticipation,dry-skin,poison-touch,poison,fighting,83,106,65,86,65,85,490
455,carnivine,levitate,none,none,grass,none,74,100,72,90,72,46,454
456,finneon,swift-swim,storm-drain,water-veil,water,none,49,49,56,49,61,66,330
457,lumineon,swift-swim,storm-drain,water-veil,water,none,69,69,76,69,86,91,460
458,mantyke,swift-swim,water-absorb,water-veil,water,flying,45,20,50,60,120,50,345
459,snover,snow-warning,none,soundproof,grass,ice,60,62,50,62,60,40,334
460,abomasnow,snow-warning,none,soundproof,grass,ice,90,92,75,92,85,60,494
461,weavile,pressure,none,pickpocket,dark,ice,70,120,65,45,85,125,510
462,magnezone,magnet-pull,sturdy,analytic,electric,steel,70,70,115,130,90,60,535
463,lickilicky,own-tempo,oblivious,cloud-nine,normal,none,110,85,95,80,95,50,515
464,rhyperior,lightning-rod,solid-rock,reckless,ground,rock,115,140,130,55,55,40,535
465,tangrowth,chlorophyll,leaf-guard,regenerator,grass,none,100,100,125,110,50,50,535
466,electivire,motor-drive,none,vital-spirit,electric,none,75,123,67,95,85,95,540
467,magmortar,flame-body,none,vital-spirit,fire,none,75,95,67,125,95,83,540
468,togekiss,hustle,serene-grace,super-luck,fairy,flying,85,50,95,120,115,80,545
469,yanmega,speed-boost,tinted-lens,frisk,bug,flying,86,76,86,116,56,95,515
470,leafeon,leaf-guard,none,chlorophyll,grass,none,65,110,130,60,65,95,525
471,glaceon,snow-cloak,none,ice-body,ice,none,65,60,110,130,95,65,525
472,gliscor,hyper-cutter,sand-veil,poison-heal,ground,flying,75,95,125,45,75,95,510
473,mamoswine,oblivious,snow-cloak,thick-fat,ice,ground,110,130,80,70,60,80,530
474,porygon-z,adaptability,download,analytic,normal,none,85,80,70,135,75,90,535
475,gallade,steadfast,none,justified,psychic,fighting,68,125,65,65,115,80,518
476,probopass,sturdy,magnet-pull,sand-force,rock,steel,60,55,145,75,150,40,525
477,dusknoir,pressure,none,frisk,ghost,none,45,100,135,65,135,45,525
478,froslass,snow-cloak,none,cursed-body,ice,ghost,70,80,70,80,70,110,480
479,rotom,levitate,none,none,electric,ghost,50,50,77,95,77,91,440
480,uxie,levitate,none,none,psychic,none,75,75,130,75,130,95,580
481,mesprit,levitate,none,none,psychic,none,80,105,105,105,105,80,580
482,azelf,levitate,none,none,psychic,none,75,125,70,125,70,115,580
483,dialga,pressure,none,telepathy,steel,dragon,100,120,120,150,100,90,680
484,palkia,pressure,none,telepathy,water,dragon,90,120,100,150,120,100,680
485,heatran,flash-fire,none,flame-body,fire,steel,91,90,106,130,106,77,600
486,regigigas,slow-start,none,none,normal,none,110,160,110,80,110,100,670
487,giratina-altered,pressure,none,telepathy,ghost,dragon,150,100,120,100,120,90,680
488,cresselia,levitate,none,none,psychic,none,120,70,120,75,130,85,600
489,phione,hydration,none,none,water,none,80,80,80,80,80,80,480
490,manaphy,hydration,none,none,water,none,100,100,100,100,100,100,600
491,darkrai,bad-dreams,none,none,dark,none,70,90,90,135,90,125,600
492,shaymin-land,natural-cure,none,none,grass,none,100,100,100,100,100,100,600
493,arceus,multitype,none,none,normal,none,120,120,120,120,120,120,720
494,victini,victory-star,none,none,psychic,fire,100,100,100,100,100,100,600
495,snivy,overgrow,none,contrary,grass,none,45,45,55,45,55,63,308
496,servine,overgrow,none,contrary,grass,none,60,60,75,60,75,83,413
497,serperior,overgrow,none,contrary,grass,none,75,75,95,75,95,113,528
498,tepig,blaze,none,thick-fat,fire,none,65,63,45,45,45,45,308
499,pignite,blaze,none,thick-fat,fire,fighting,90,93,55,70,55,55,418
500,emboar,blaze,none,reckless,fire,fighting,110,123,65,100,65,65,528
501,oshawott,torrent,none,shell-armor,water,none,55,55,45,63,45,45,308
502,dewott,torrent,none,shell-armor,water,none,75,75,60,83,60,60,413
503,samurott,torrent,none,shell-armor,water,none,95,100,85,108,70,70,528
504,patrat,run-away,keen-eye,analytic,normal,none,45,55,39,35,39,42,255
505,watchog,illuminate,keen-eye,analytic,normal,none,60,85,69,60,69,77,420
506,lillipup,vital-spirit,pickup,run-away,normal,none,45,60,45,25,45,55,275
507,herdier,intimidate,sand-rush,scrappy,normal,none,65,80,65,35,65,60,370
508,stoutland,intimidate,sand-rush,scrappy,normal,none,85,110,90,45,90,80,500
509,purrloin,limber,unburden,prankster,dark,none,41,50,37,50,37,66,281
510,liepard,limber,unburden,prankster,dark,none,64,88,50,88,50,106,446
511,pansage,gluttony,none,overgrow,grass,none,50,53,48,53,48,64,316
512,simisage,gluttony,none,overgrow,grass,none,75,98,63,98,63,101,498
513,pansear,gluttony,none,blaze,fire,none,50,53,48,53,48,64,316
514,simisear,gluttony,none,blaze,fire,none,75,98,63,98,63,101,498
515,panpour,gluttony,none,torrent,water,none,50,53,48,53,48,64,316
516,simipour,gluttony,none,torrent,water,none,75,98,63,98,63,101,498
517,munna,forewarn,synchronize,telepathy,psychic,none,76,25,45,67,55,24,292
518,musharna,forewarn,synchronize,telepathy,psychic,none,116,55,85,107,95,29,487
519,pidove,big-pecks,super-luck,rivalry,normal,flying,50,55,50,36,30,43,264
520,tranquill,big-pecks,super-luck,rivalry,normal,flying,62,77,62,50,42,65,358
521,unfezant,big-pecks,super-luck,rivalry,normal,flying,80,115,80,65,55,93,488
522,blitzle,lightning-rod,motor-drive,sap-sipper,electric,none,45,60,32,50,32,76,295
523,zebstrika,lightning-rod,motor-drive,sap-sipper,electric,none,75,100,63,80,63,116,497
524,roggenrola,sturdy,weak-armor,sand-force,rock,none,55,75,85,25,25,15,280
525,boldore,sturdy,weak-armor,sand-force,rock,none,70,105,105,50,40,20,390
526,gigalith,sturdy,sand-stream,sand-force,rock,none,85,135,130,60,80,25,515
527,woobat,unaware,klutz,simple,psychic,flying,65,45,43,55,43,72,323
528,swoobat,unaware,klutz,simple,psychic,flying,67,57,55,77,55,114,425
529,drilbur,sand-rush,sand-force,mold-breaker,ground,none,60,85,40,30,45,68,328
530,excadrill,sand-rush,sand-force,mold-breaker,ground,steel,110,135,60,50,65,88,508
531,audino,healer,regenerator,klutz,normal,none,103,60,86,60,86,50,445
532,timburr,guts,sheer-force,iron-fist,fighting,none,75,80,55,25,35,35,305
533,gurdurr,guts,sheer-force,iron-fist,fighting,none,85,105,85,40,50,40,405
534,conkeldurr,guts,sheer-force,iron-fist,fighting,none,105,140,95,55,65,45,505
535,tympole,swift-swim,hydration,water-absorb,water,none,50,50,40,50,40,64,294
536,palpitoad,swift-swim,hydration,water-absorb,water,ground,75,65,55,65,55,69,384
537,seismitoad,swift-swim,poison-touch,water-absorb,water,ground,105,95,75,85,75,74,509
538,throh,guts,inner-focus,mold-breaker,fighting,none,120,100,85,30,85,45,465
539,sawk,sturdy,inner-focus,mold-breaker,fighting,none,75,125,75,30,75,85,465
540,sewaddle,swarm,chlorophyll,overcoat,bug,grass,45,53,70,40,60,42,310
541,swadloon,leaf-guard,chlorophyll,overcoat,bug,grass,55,63,90,50,80,42,380
542,leavanny,swarm,chlorophyll,overcoat,bug,grass,75,103,80,70,80,92,500
543,venipede,poison-point,swarm,speed-boost,bug,poison,30,45,59,30,39,57,260
544,whirlipede,poison-point,swarm,speed-boost,bug,poison,40,55,99,40,79,47,360
545,scolipede,poison-point,swarm,speed-boost,bug,poison,60,100,89,55,69,112,485
546,cottonee,prankster,infiltrator,chlorophyll,grass,fairy,40,27,60,37,50,66,280
547,whimsicott,prankster,infiltrator,chlorophyll,grass,fairy,60,67,85,77,75,116,480
548,petilil,chlorophyll,own-tempo,leaf-guard,grass,none,45,35,50,70,50,30,280
549,lilligant,chlorophyll,own-tempo,leaf-guard,grass,none,70,60,75,110,75,90,480
550,basculin-red-striped,reckless,adaptability,mold-breaker,water,none,70,92,65,80,55,98,460
551,sandile,intimidate,moxie,anger-point,ground,dark,50,72,35,35,35,65,292
552,krokorok,intimidate,moxie,anger-point,ground,dark,60,82,45,45,45,74,351
553,krookodile,intimidate,moxie,anger-point,ground,dark,95,117,80,65,70,92,519
554,darumaka,hustle,none,inner-focus,fire,none,70,90,45,15,45,50,315
555,darmanitan-standard,sheer-force,none,zen-mode,fire,none,105,140,55,30,55,95,480
556,maractus,water-absorb,chlorophyll,storm-drain,grass,none,75,86,67,106,67,60,461
557,dwebble,sturdy,shell-armor,weak-armor,bug,rock,50,65,85,35,35,55,325
558,crustle,sturdy,shell-armor,weak-armor,bug,rock,70,105,125,65,75,45,485
559,scraggy,shed-skin,moxie,intimidate,dark,fighting,50,75,70,35,70,48,348
560,scrafty,shed-skin,moxie,intimidate,dark,fighting,65,90,115,45,115,58,488
561,sigilyph,wonder-skin,magic-guard,tinted-lens,psychic,flying,72,58,80,103,80,97,490
562,yamask,mummy,none,none,ghost,none,38,30,85,55,65,30,303
563,cofagrigus,mummy,none,none,ghost,none,58,50,145,95,105,30,483
564,tirtouga,solid-rock,sturdy,swift-swim,water,rock,54,78,103,53,45,22,355
565,carracosta,solid-rock,sturdy,swift-swim,water,rock,74,108,133,83,65,32,495
566,archen,defeatist,none,none,rock,flying,55,112,45,74,45,70,401
567,archeops,defeatist,none,none,rock,flying,75,140,65,112,65,110,567
568,trubbish,stench,sticky-hold,aftermath,poison,none,50,50,62,40,62,65,329
569,garbodor,stench,weak-armor,aftermath,poison,none,80,95,82,60,82,75,474
570,zorua,illusion,none,none,dark,none,40,65,40,80,40,65,330
571,zoroark,illusion,none,none,dark,none,60,105,60,120,60,105,510
572,minccino,cute-charm,technician,skill-link,normal,none,55,50,40,40,40,75,300
573,cinccino,cute-charm,technician,skill-link,normal,none,75,95,60,65,60,115,470
574,gothita,frisk,competitive,shadow-tag,psychic,none,45,30,50,55,65,45,290
575,gothorita,frisk,competitive,shadow-tag,psychic,none,60,45,70,75,85,55,390
576,gothitelle,frisk,competitive,shadow-tag,psychic,none,70,55,95,95,110,65,490
577,solosis,overcoat,magic-guard,regenerator,psychic,none,45,30,40,105,50,20,290
578,duosion,overcoat,magic-guard,regenerator,psychic,none,65,40,50,125,60,30,370
579,reuniclus,overcoat,magic-guard,regenerator,psychic,none,110,65,75,125,85,30,490
580,ducklett,keen-eye,big-pecks,hydration,water,flying,62,44,50,44,50,55,305
581,swanna,keen-eye,big-pecks,hydration,water,flying,75,87,63,87,63,98,473
582,vanillite,ice-body,snow-cloak,weak-armor,ice,none,36,50,50,65,60,44,305
583,vanillish,ice-body,snow-cloak,weak-armor,ice,none,51,65,65,80,75,59,395
584,vanilluxe,ice-body,snow-warning,weak-armor,ice,none,71,95,85,110,95,79,535
585,deerling,chlorophyll,sap-sipper,serene-grace,normal,grass,60,60,50,40,50,75,335
586,sawsbuck,chlorophyll,sap-sipper,serene-grace,normal,grass,80,100,70,60,70,95,475
587,emolga,static,none,motor-drive,electric,flying,55,75,60,75,60,103,428
588,karrablast,swarm,shed-skin,no-guard,bug,none,50,75,45,40,45,60,315
589,escavalier,swarm,shell-armor,overcoat,bug,steel,70,135,105,60,105,20,495
590,foongus,effect-spore,none,regenerator,grass,poison,69,55,45,55,55,15,294
591,amoonguss,effect-spore,none,regenerator,grass,poison,114,85,70,85,80,30,464
592,frillish,water-absorb,cursed-body,damp,water,ghost,55,40,50,65,85,40,335
593,jellicent,water-absorb,cursed-body,damp,water,ghost,100,60,70,85,105,60,480
594,alomomola,healer,hydration,regenerator,water,none,165,75,80,40,45,65,470
595,joltik,compound-eyes,unnerve,swarm,bug,electric,50,47,50,57,50,65,319
596,galvantula,compound-eyes,unnerve,swarm,bug,electric,70,77,60,97,60,108,472
597,ferroseed,iron-barbs,none,none,grass,steel,44,50,91,24,86,10,305
598,ferrothorn,iron-barbs,none,anticipation,grass,steel,74,94,131,54,116,20,489
599,klink,plus,minus,clear-body,steel,none,40,55,70,45,60,30,300
600,klang,plus,minus,clear-body,steel,none,60,80,95,70,85,50,440
601,klinklang,plus,minus,clear-body,steel,none,60,100,115,70,85,90,520
602,tynamo,levitate,none,none,electric,none,35,55,40,45,40,60,275
603,eelektrik,levitate,none,none,electric,none,65,85,70,75,70,40,405
604,eelektross,levitate,none,none,electric,none,85,115,80,105,80,50,515
605,elgyem,telepathy,synchronize,analytic,psychic,none,55,55,55,85,55,30,335
606,beheeyem,telepathy,synchronize,analytic,psychic,none,75,75,75,125,95,40,485
607,litwick,flash-fire,flame-body,infiltrator,ghost,fire,50,30,55,65,55,20,275
608,lampent,flash-fire,flame-body,infiltrator,ghost,fire,60,40,60,95,60,55,370
609,chandelure,flash-fire,flame-body,infiltrator,ghost,fire,60,55,90,145,90,80,520
610,axew,rivalry,mold-breaker,unnerve,dragon,none,46,87,60,30,40,57,320
611,fraxure,rivalry,mold-breaker,unnerve,dragon,none,66,117,70,40,50,67,410
612,haxorus,rivalry,mold-breaker,unnerve,dragon,none,76,147,90,60,70,97,540
613,cubchoo,snow-cloak,slush-rush,rattled,ice,none,55,70,40,60,40,40,305
614,beartic,snow-cloak,slush-rush,swift-swim,ice,none,95,130,80,70,80,50,505
615,cryogonal,levitate,none,none,ice,none,80,50,50,95,135,105,515
616,shelmet,hydration,shell-armor,overcoat,bug,none,50,40,85,40,65,25,305
617,accelgor,hydration,sticky-hold,unburden,bug,none,80,70,40,100,60,145,495
618,stunfisk,static,limber,sand-veil,ground,electric,109,66,84,81,99,32,471
619,mienfoo,inner-focus,regenerator,reckless,fighting,none,45,85,50,55,50,65,350
620,mienshao,inner-focus,regenerator,reckless,fighting,none,65,125,60,95,60,105,510
621,druddigon,rough-skin,sheer-force,mold-breaker,dragon,none,77,120,90,60,90,48,485
622,golett,iron-fist,klutz,no-guard,ground,ghost,59,74,50,35,50,35,303
623,golurk,iron-fist,klutz,no-guard,ground,ghost,89,124,80,55,80,55,483
624,pawniard,defiant,inner-focus,pressure,dark,steel,45,85,70,40,40,60,340
625,bisharp,defiant,inner-focus,pressure,dark,steel,65,125,100,60,70,70,490
626,bouffalant,reckless,sap-sipper,soundproof,normal,none,95,110,95,40,95,55,490
627,rufflet,keen-eye,sheer-force,hustle,normal,flying,70,83,50,37,50,60,350
628,braviary,keen-eye,sheer-force,defiant,normal,flying,100,123,75,57,75,80,510
629,vullaby,big-pecks,overcoat,weak-armor,dark,flying,70,55,75,45,65,60,370
630,mandibuzz,big-pecks,overcoat,weak-armor,dark,flying,110,65,105,55,95,80,510
631,heatmor,gluttony,flash-fire,white-smoke,fire,none,85,97,66,105,66,65,484
632,durant,swarm,hustle,truant,bug,steel,58,109,112,48,48,109,484
633,deino,hustle,none,none,dark,dragon,52,65,50,45,50,38,300
634,zweilous,hustle,none,none,dark,dragon,72,85,70,65,70,58,420
635,hydreigon,levitate,none,none,dark,dragon,92,105,90,125,90,98,600
636,larvesta,flame-body,none,swarm,bug,fire,55,85,55,50,55,60,360
637,volcarona,flame-body,none,swarm,bug,fire,85,60,65,135,105,100,550
638,cobalion,justified,none,none,steel,fighting,91,90,129,90,72,108,580
639,terrakion,justified,none,none,rock,fighting,91,129,90,72,90,108,580
640,virizion,justified,none,none,grass,fighting,91,90,72,90,129,108,580
641,tornadus-incarnate,prankster,none,defiant,flying,none,79,115,70,125,80,111,580
642,thundurus-incarnate,prankster,none,defiant,electric,flying,79,115,70,125,80,111,580
643,reshiram,turboblaze,none,none,dragon,fire,100,120,100,150,120,90,680
644,zekrom,teravolt,none,none,dragon,electric,100,150,120,120,100,90,680
645,landorus-incarnate,sand-force,none,sheer-force,ground,flying,89,125,90,115,80,101,600
646,kyurem,pressure,none,none,dragon,ice,125,130,90,130,90,95,660
647,keldeo-ordinary,justified,none,none,water,fighting,91,72,90,129,90,108,580
648,meloetta-aria,serene-grace,none,none,normal,psychic,100,77,77,128,128,90,600
649,genesect,download,none,none,bug,steel,71,120,95,120,95,99,600
650,chespin,overgrow,none,bulletproof,grass,none,56,61,65,48,45,38,313
651,quilladin,overgrow,none,bulletproof,grass,none,61,78,95,56,58,57,405
652,chesnaught,overgrow,none,bulletproof,grass,fighting,88,107,122,74,75,64,530
653,fennekin,blaze,none,magician,fire,none,40,45,40,62,60,60,307
654,braixen,blaze,none,magician,fire,none,59,59,58,90,70,73,409
655,delphox,blaze,none,magician,fire,psychic,75,69,72,114,100,104,534
656,froakie,torrent,none,protean,water,none,41,56,40,62,44,71,314
657,frogadier,torrent,none,protean,water,none,54,63,52,83,56,97,405
658,greninja,torrent,none,protean,water,dark,72,95,67,103,71,122,530
659,bunnelby,pickup,cheek-pouch,huge-power,normal,none,38,36,38,32,36,57,237
660,diggersby,pickup,cheek-pouch,huge-power,normal,ground,85,56,77,50,77,78,423
661,fletchling,big-pecks,none,gale-wings,normal,flying,45,50,43,40,38,62,278
662,fletchinder,flame-body,none,gale-wings,fire,flying,62,73,55,56,52,84,382
663,talonflame,flame-body,none,gale-wings,fire,flying,78,81,71,74,69,126,499
664,scatterbug,shield-dust,compound-eyes,friend-guard,bug,none,38,35,40,27,25,35,200
665,spewpa,shed-skin,none,friend-guard,bug,none,45,22,60,27,30,29,213
666,vivillon,shield-dust,compound-eyes,friend-guard,bug,flying,80,52,50,90,50,89,411
667,litleo,rivalry,unnerve,moxie,fire,normal,62,50,58,73,54,72,369
668,pyroar,rivalry,unnerve,moxie,fire,normal,86,68,72,109,66,106,507
669,flabebe,flower-veil,none,symbiosis,fairy,none,44,38,39,61,79,42,303
670,floette,flower-veil,none,symbiosis,fairy,none,54,45,47,75,98,52,371
671,florges,flower-veil,none,symbiosis,fairy,none,78,65,68,112,154,75,552
672,skiddo,sap-sipper,none,grass-pelt,grass,none,66,65,48,62,57,52,350
673,gogoat,sap-sipper,none,grass-pelt,grass,none,123,100,62,97,81,68,531
674,pancham,iron-fist,mold-breaker,scrappy,fighting,none,67,82,62,46,48,43,348
675,pangoro,iron-fist,mold-breaker,scrappy,fighting,dark,95,124,78,69,71,58,495
676,furfrou,fur-coat,none,none,normal,none,75,80,60,65,90,102,472
677,espurr,keen-eye,infiltrator,own-tempo,psychic,none,62,48,54,63,60,68,355
678,meowstic-male,keen-eye,infiltrator,prankster,psychic,none,74,48,76,83,81,104,466
679,honedge,no-guard,none,none,steel,ghost,45,80,100,35,37,28,325
680,doublade,no-guard,none,none,steel,ghost,59,110,150,45,49,35,448
681,aegislash-shield,stance-change,none,none,steel,ghost,60,50,140,50,140,60,500
682,spritzee,healer,none,aroma-veil,fairy,none,78,52,60,63,65,23,341
683,aromatisse,healer,none,aroma-veil,fairy,none,101,72,72,99,89,29,462
684,swirlix,sweet-veil,none,unburden,fairy,none,62,48,66,59,57,49,341
685,slurpuff,sweet-veil,none,unburden,fairy,none,82,80,86,85,75,72,480
686,inkay,contrary,suction-cups,infiltrator,dark,psychic,53,54,53,37,46,45,288
687,malamar,contrary,suction-cups,infiltrator,dark,psychic,86,92,88,68,75,73,482
688,binacle,tough-claws,sniper,pickpocket,rock,water,42,52,67,39,56,50,306
689,barbaracle,tough-claws,sniper,pickpocket,rock,water,72,105,115,54,86,68,500
690,skrelp,poison-point,poison-touch,adaptability,poison,water,50,60,60,60,60,30,320
691,dragalge,poison-point,poison-touch,adaptability,poison,dragon,65,75,90,97,123,44,494
692,clauncher,mega-launcher,none,none,water,none,50,53,62,58,63,44,330
693,clawitzer,mega-launcher,none,none,water,none,71,73,88,120,89,59,500
694,helioptile,dry-skin,sand-veil,solar-power,electric,normal,44,38,33,61,43,70,289
695,heliolisk,dry-skin,sand-veil,solar-power,electric,normal,62,55,52,109,94,109,481
696,tyrunt,strong-jaw,none,sturdy,rock,dragon,58,89,77,45,45,48,362
697,tyrantrum,strong-jaw,none,rock-head,rock,dragon,82,121,119,69,59,71,521
698,amaura,refrigerate,none,snow-warning,rock,ice,77,59,50,67,63,46,362
699,aurorus,refrigerate,none,snow-warning,rock,ice,123,77,72,99,92,58,521
700,sylveon,cute-charm,none,pixilate,fairy,none,95,65,65,110,130,60,525
701,hawlucha,limber,unburden,mold-breaker,fighting,flying,78,92,75,74,63,118,500
702,dedenne,cheek-pouch,pickup,plus,electric,fairy,67,58,57,81,67,101,431
703,carbink,clear-body,none,sturdy,rock,fairy,50,50,150,50,150,50,500
704,goomy,sap-sipper,hydration,gooey,dragon,none,45,50,35,55,75,40,300
705,sliggoo,sap-sipper,hydration,gooey,dragon,none,68,75,53,83,113,60,452
706,goodra,sap-sipper,hydration,gooey,dragon,none,90,100,70,110,150,80,600
707,klefki,prankster,none,magician,steel,fairy,57,80,91,80,87,75,470
708,phantump,natural-cure,frisk,harvest,ghost,grass,43,70,48,50,60,38,309
709,trevenant,natural-cure,frisk,harvest,ghost,grass,85,110,76,65,82,56,474
710,pumpkaboo-average,pickup,frisk,insomnia,ghost,grass,49,66,70,44,55,51,335
711,gourgeist-average,pickup,frisk,insomnia,ghost,grass,65,90,122,58,75,84,494
712,bergmite,own-tempo,ice-body,sturdy,ice,none,55,69,85,32,35,28,304
713,avalugg,own-tempo,ice-body,sturdy,ice,none,95,117,184,44,46,28,514
714,noibat,frisk,infiltrator,telepathy,flying,dragon,40,30,35,45,40,55,245
715,noivern,frisk,infiltrator,telepathy,flying,dragon,85,70,80,97,80,123,535
716,xerneas,fairy-aura,none,none,fairy,none,126,131,95,131,98,99,680
717,yveltal,dark-aura,none,none,dark,flying,126,131,95,131,98,99,680
718,zygarde,aura-break,none,none,dragon,ground,108,100,121,81,95,95,600
719,diancie,clear-body,none,none,rock,fairy,50,100,150,100,150,50,600
720,hoopa,magician,none,none,psychic,ghost,80,110,60,150,130,70,600
721,volcanion,water-absorb,none,none,fire,water,80,110,120,130,90,70,600
722,rowlet,overgrow,none,long-reach,grass,flying,68,55,55,50,50,42,320
723,dartrix,overgrow,none,long-reach,grass,flying,78,75,75,70,70,52,420
724,decidueye,overgrow,none,long-reach,grass,ghost,78,107,75,100,100,70,530
725,litten,blaze,none,intimidate,fire,none,45,65,40,60,40,70,320
726,torracat,blaze,none,intimidate,fire,none,65,85,50,80,50,90,420
727,incineroar,blaze,none,intimidate,fire,dark,95,115,90,80,90,60,530
728,popplio,torrent,none,liquid-voice,water,none,50,54,54,66,56,40,320
729,brionne,torrent,none,liquid-voice,water,none,60,69,69,91,81,50,420
730,primarina,torrent,none,liquid-voice,water,fairy,80,74,74,126,116,60,530
731,pikipek,keen-eye,skill-link,pickup,normal,flying,35,75,30,30,30,65,265
732,trumbeak,keen-eye,skill-link,pickup,normal,flying,55,85,50,40,50,75,355
733,toucannon,keen-eye,skill-link,sheer-force,normal,flying,80,120,75,75,75,60,485
734,yungoos,stakeout,strong-jaw,adaptability,normal,none,48,70,30,30,30,45,253
735,gumshoos,stakeout,strong-jaw,adaptability,normal,none,88,110,60,55,60,45,418
736,grubbin,swarm,none,none,bug,none,47,62,45,55,45,46,300
737,charjabug,battery,none,none,bug,electric,57,82,95,55,75,36,400
738,vikavolt,levitate,none,none,bug,electric,77,70,90,145,75,43,500
739,crabrawler,hyper-cutter,iron-fist,anger-point,fighting,none,47,82,57,42,47,63,338
740,crabominable,hyper-cutter,iron-fist,anger-point,fighting,ice,97,132,77,62,67,43,478
741,oricorio-baile,dancer,none,none,fire,flying,75,70,70,98,70,93,476
742,cutiefly,honey-gather,shield-dust,sweet-veil,bug,fairy,40,45,40,55,40,84,304
743,ribombee,honey-gather,shield-dust,sweet-veil,bug,fairy,60,55,60,95,70,124,464
744,rockruff,keen-eye,vital-spirit,steadfast,rock,none,45,65,40,30,40,60,280
745,lycanroc-midday,keen-eye,sand-rush,steadfast,rock,none,75,115,65,55,65,112,487
746,wishiwashi-solo,schooling,none,none,water,none,45,20,20,25,25,40,175
747,mareanie,merciless,limber,regenerator,poison,water,50,53,62,43,52,45,305
748,toxapex,merciless,limber,regenerator,poison,water,50,63,152,53,142,35,495
749,mudbray,own-tempo,stamina,inner-focus,ground,none,70,100,70,45,55,45,385
750,mudsdale,own-tempo,stamina,inner-focus,ground,none,100,125,100,55,85,35,500
751,dewpider,water-bubble,none,water-absorb,water,bug,38,40,52,40,72,27,269
752,araquanid,water-bubble,none,water-absorb,water,bug,68,70,92,50,132,42,454
753,fomantis,leaf-guard,none,contrary,grass,none,40,55,35,50,35,35,250
754,lurantis,leaf-guard,none,contrary,grass,none,70,105,90,80,90,45,480
755,morelull,illuminate,effect-spore,rain-dish,grass,fairy,40,35,55,65,75,15,285
756,shiinotic,illuminate,effect-spore,rain-dish,grass,fairy,60,45,80,90,100,30,405
757,salandit,corrosion,none,oblivious,poison,fire,48,44,40,71,40,77,320
758,salazzle,corrosion,none,oblivious,poison,fire,68,64,60,111,60,117,480
759,stufful,fluffy,klutz,cute-charm,normal,fighting,70,75,50,45,50,50,340
760,bewear,fluffy,klutz,unnerve,normal,fighting,120,125,80,55,60,60,500
761,bounsweet,leaf-guard,oblivious,sweet-veil,grass,none,42,30,38,30,38,32,210
762,steenee,leaf-guard,oblivious,sweet-veil,grass,none,52,40,48,40,48,62,290
763,tsareena,leaf-guard,queenly-majesty,sweet-veil,grass,none,72,120,98,50,98,72,510
764,comfey,flower-veil,triage,natural-cure,fairy,none,51,52,90,82,110,100,485
765,oranguru,inner-focus,telepathy,symbiosis,normal,psychic,90,60,80,90,110,60,490
766,passimian,receiver,none,defiant,fighting,none,100,120,90,40,60,80,490
767,wimpod,wimp-out,none,none,bug,water,25,35,40,20,30,80,230
768,golisopod,emergency-exit,none,none,bug,water,75,125,140,60,90,40,530
769,sandygast,water-compaction,none,sand-veil,ghost,ground,55,55,80,70,45,15,320
770,palossand,water-compaction,none,sand-veil,ghost,ground,85,75,110,100,75,35,480
771,pyukumuku,innards-out,none,unaware,water,none,55,60,130,30,130,5,410
772,type-null,battle-armor,none,none,normal,none,95,95,95,95,95,59,534
773,silvally,rks-system,none,none,normal,none,95,95,95,95,95,95,570
774,minior-red-meteor,shields-down,none,none,rock,flying,60,60,100,60,100,60,440
775,komala,comatose,none,none,normal,none,65,115,65,75,95,65,480
776,turtonator,shell-armor,none,none,fire,dragon,60,78,135,91,85,36,485
777,togedemaru,iron-barbs,lightning-rod,sturdy,electric,steel,65,98,63,40,73,96,435
778,mimikyu-disguised,disguise,none,none,ghost,fairy,55,90,80,50,105,96,476
779,bruxish,dazzling,strong-jaw,wonder-skin,water,psychic,68,105,70,70,70,92,475
780,drampa,berserk,sap-sipper,cloud-nine,normal,dragon,78,60,85,135,91,36,485
781,dhelmise,steelworker,none,none,ghost,grass,70,131,100,86,90,40,517
782,jangmo-o,bulletproof,soundproof,overcoat,dragon,none,45,55,65,45,45,45,300
783,hakamo-o,bulletproof,soundproof,overcoat,dragon,fighting,55,75,90,65,70,65,420
784,kommo-o,bulletproof,soundproof,overcoat,dragon,fighting,75,110,125,100,105,85,600
785,tapu-koko,electric-surge,none,telepathy,electric,fairy,70,115,85,95,75,130,570
786,tapu-lele,psychic-surge,none,telepathy,psychic,fairy,70,85,75,130,115,95,570
787,tapu-bulu,grassy-surge,none,telepathy,grass,fairy,70,130,115,85,95,75,570
788,tapu-fini,misty-surge,none,telepathy,water,fairy,70,75,115,95,130,85,570
789,cosmog,unaware,none,none,psychic,none,43,29,31,29,31,37,200
790,cosmoem,sturdy,none,none,psychic,none,43,29,131,29,131,37,400
791,solgaleo,full-metal-body,none,none,psychic,steel,137,137,107,113,89,97,680
792,lunala,shadow-shield,none,none,psychic,ghost,137,113,89,137,107,97,680
793,nihilego,beast-boost,none,none,rock,poison,109,53,47,127,131,103,570
794,buzzwole,beast-boost,none,none,bug,fighting,107,139,139,53,53,79,570
795,pheromosa,beast-boost,none,none,bug,fighting,71,137,37,137,37,151,570
796,xurkitree,beast-boost,none,none,electric,none,83,89,71,173,71,83,570
797,celesteela,beast-boost,none,none,steel,flying,97,101,103,107,101,61,570
798,kartana,beast-boost,none,none,grass,steel,59,181,131,59,31,109,570
799,guzzlord,beast-boost,none,none,dark,dragon,223,101,53,97,53,43,570
800,necrozma,prism-armor,none,none,psychic,none,97,107,101,127,89,79,600
801,magearna,soul-heart,none,none,steel,fairy,80,95,115,130,115,65,600
802,marshadow,technician,none,none,fighting,ghost,90,125,80,90,90,125,600
803,poipole,beast-boost,none,none,poison,none,67,73,67,73,67,73,420
804,naganadel,beast-boost,none,none,poison,dragon,73,73,73,127,73,121,540
805,stakataka,beast-boost,none,none,rock,steel,61,131,211,53,101,13,570
806,blacephalon,beast-boost,none,none,fire,ghost,53,127,53,151,79,107,570
807,zeraora,volt-absorb,none,none,electric,none,88,112,75,102,80,143,600
808,meltan,magnet-pull,none,none,steel,none,46,65,65,55,35,34,300
809,melmetal,iron-fist,none,none,steel,none,135,143,143,80,65,34,600
810,grookey,overgrow,none,grassy-surge,grass,none,50,65,50,40,40,65,310
811,thwackey,overgrow,none,grassy-surge,grass,none,70,85,70,55,60,80,420
812,rillaboom,overgrow,none,grassy-surge,grass,none,100,125,90,60,70,85,530
813,scorbunny,blaze,none,libero,fire,none,50,71,40,40,40,69,310
814,raboot,blaze,none,libero,fire,none,65,86,60,55,60,94,420
815,cinderace,blaze,none,libero,fire,none,80,116,75,65,75,119,530
816,sobble,torrent,none,sniper,water,none,50,40,40,70,40,70,310
817,drizzile,torrent,none,sniper,water,none,65,60,55,95,55,90,420
818,inteleon,torrent,none,sniper,water,none,70,85,65,125,65,120,530
819,skwovet,cheek-pouch,none,gluttony,normal,none,70,55,55,35,35,25,275
820,greedent,cheek-pouch,none,gluttony,normal,none,120,95,95,55,75,20,460
821,rookidee,keen-eye,unnerve,big-pecks,flying,none,38,47,35,33,35,57,245
822,corvisquire,keen-eye,unnerve,big-pecks,flying,none,68,67,55,43,55,77,365
823,corviknight,pressure,unnerve,mirror-armor,flying,steel,98,87,105,53,85,67,495
824,blipbug,swarm,compound-eyes,telepathy,bug,none,25,20,20,25,45,45,180
825,dottler,swarm,compound-eyes,telepathy,bug,psychic,50,35,80,50,90,30,335
826,orbeetle,swarm,frisk,telepathy,bug,psychic,60,45,110,80,120,90,505
827,nickit,run-away,unburden,stakeout,dark,none,40,28,28,47,52,50,245
828,thievul,run-away,unburden,stakeout,dark,none,70,58,58,87,92,90,455
829,gossifleur,cotton-down,regenerator,effect-spore,grass,none,40,40,60,40,60,10,250
830,eldegoss,cotton-down,regenerator,effect-spore,grass,none,60,50,90,80,120,60,460
831,wooloo,fluffy,run-away,bulletproof,normal,none,42,40,55,40,45,48,270
832,dubwool,fluffy,run-away,bulletproof,normal,none,72,80,100,60,90,88,490
833,chewtle,strong-jaw,shell-armor,swift-swim,water,none,50,64,50,38,38,44,284
834,drednaw,strong-jaw,shell-armor,swift-swim,water,rock,90,115,90,48,68,74,485
835,yamper,ball-fetch,none,rattled,electric,none,59,45,50,40,50,26,270
836,boltund,strong-jaw,none,competitive,electric,none,69,90,60,90,60,121,490
837,rolycoly,steam-engine,heatproof,flash-fire,rock,none,30,40,50,40,50,30,240
838,carkol,steam-engine,flame-body,flash-fire,rock,fire,80,60,90,60,70,50,410
839,coalossal,steam-engine,flame-body,flash-fire,rock,fire,110,80,120,80,90,30,510
840,applin,ripen,gluttony,bulletproof,grass,dragon,40,40,80,40,40,20,260
841,flapple,ripen,gluttony,hustle,grass,dragon,70,110,80,95,60,70,485
842,appletun,ripen,gluttony,thick-fat,grass,dragon,110,85,80,100,80,30,485
843,silicobra,sand-spit,shed-skin,sand-veil,ground,none,52,57,75,35,50,46,315
844,sandaconda,sand-spit,shed-skin,sand-veil,ground,none,72,107,125,65,70,71,510
845,cramorant,gulp-missile,none,none,flying,water,70,85,55,85,95,85,475
846,arrokuda,swift-swim,none,propeller-tail,water,none,41,63,40,40,30,66,280
847,barraskewda,swift-swim,none,propeller-tail,water,none,61,123,60,60,50,136,490
848,toxel,rattled,static,klutz,electric,poison,40,38,35,54,35,40,242
849,toxtricity-amped,punk-rock,plus,technician,electric,poison,75,98,70,114,70,75,502
850,sizzlipede,flash-fire,white-smoke,flame-body,fire,bug,50,65,45,50,50,45,305
851,centiskorch,flash-fire,white-smoke,flame-body,fire,bug,100,115,65,90,90,65,525
852,clobbopus,limber,none,technician,fighting,none,50,68,60,50,50,32,310
853,grapploct,limber,none,technician,fighting,none,80,118,90,70,80,42,480
854,sinistea,weak-armor,none,cursed-body,ghost,none,40,45,45,74,54,50,308
855,polteageist,weak-armor,none,cursed-body,ghost,none,60,65,65,134,114,70,508
856,hatenna,healer,anticipation,magic-bounce,psychic,none,42,30,45,56,53,39,265
857,hattrem,healer,anticipation,magic-bounce,psychic,none,57,40,65,86,73,49,370
858,hatterene,healer,anticipation,magic-bounce,psychic,fairy,57,90,95,136,103,29,510
859,impidimp,prankster,frisk,pickpocket,dark,fairy,45,45,30,55,40,50,265
860,morgrem,prankster,frisk,pickpocket,dark,fairy,65,60,45,75,55,70,370
861,grimmsnarl,prankster,frisk,pickpocket,dark,fairy,95,120,65,95,75,60,510
862,obstagoon,reckless,guts,defiant,dark,normal,93,90,101,60,81,95,520
863,perrserker,battle-armor,tough-claws,steely-spirit,steel,none,70,110,100,50,60,50,440
864,cursola,weak-armor,none,perish-body,ghost,none,60,95,50,145,130,30,510
865,sirfetchd,steadfast,none,scrappy,fighting,none,62,135,95,68,82,65,507
866,mr-rime,tangled-feet,screen-cleaner,ice-body,ice,psychic,80,85,75,110,100,70,520
867,runerigus,wandering-spirit,none,none,ground,ghost,58,95,145,50,105,30,483
868,milcery,sweet-veil,none,aroma-veil,fairy,none,45,40,40,50,61,34,270
869,alcremie,sweet-veil,none,aroma-veil,fairy,none,65,60,75,110,121,64,495
870,falinks,battle-armor,none,defiant,fighting,none,65,100,100,70,60,75,470
871,pincurchin,lightning-rod,none,electric-surge,electric,none,48,101,95,91,85,15,435
872,snom,shield-dust,none,ice-scales,ice,bug,30,25,35,45,30,20,185
873,frosmoth,shield-dust,none,ice-scales,ice,bug,70,65,60,125,90,65,475
874,stonjourner,power-spot,none,none,rock,none,100,125,135,20,20,70,470
875,eiscue-ice,ice-face,none,none,ice,none,75,80,110,65,90,50,470
876,indeedee-male,inner-focus,synchronize,psychic-surge,psychic,normal,60,65,55,105,95,95,475
877,morpeko,hunger-switch,none,none,electric,dark,58,95,58,70,58,97,436
878,cufant,sheer-force,none,heavy-metal,steel,none,72,80,49,40,49,40,330
879,copperajah,sheer-force,none,heavy-metal,steel,none,122,130,69,80,69,30,500
880,dracozolt,volt-absorb,hustle,sand-rush,electric,dragon,90,100,90,80,70,75,505
881,arctozolt,volt-absorb,static,slush-rush,electric,ice,90,100,90,90,80,55,505
882,dracovish,water-absorb,strong-jaw,sand-rush,water,dragon,90,90,100,70,80,75,505
883,arctovish,water-absorb,ice-body,slush-rush,water,ice,90,90,100,80,90,55,505
884,duraludon,light-metal,heavy-metal,stalwart,steel,dragon,70,95,115,120,50,85,535
885,dreepy,clear-body,infiltrator,cursed-body,dragon,ghost,28,60,30,40,30,82,270
886,drakloak,clear-body,infiltrator,cursed-body,dragon,ghost,68,80,50,60,50,102,410
887,dragapult,clear-body,infiltrator,cursed-body,dragon,ghost,88,120,75,100,75,142,600
888,zacian-hero,intrepid-sword,none,none,fairy,none,92,130,115,80,115,138,670
889,zamazenta-hero,dauntless-shield,none,none,fighting,none,92,130,115,80,115,138,670
890,eternatus,pressure,none,none,poison,dragon,140,85,95,145,95,130,690
891,kubfu,inner-focus,none,none,fighting,none,60,90,60,53,50,72,385
892,urshifu-single-strike,unseen-fist,none,none,fighting,dark,100,130,100,63,60,97,550
893,zarude,leaf-guard,none,none,dark,grass,105,120,105,70,95,105,600
894,regieleki,transistor,none,none,electric,none,80,100,50,100,50,200,580
895,regidrago,dragons-maw,none,none,dragon,none,200,100,50,100,50,80,580
896,glastrier,chilling-neigh,none,none,ice,none,100,145,130,65,110,30,580
897,spectrier,grim-neigh,none,none,ghost,none,100,65,60,145,80,130,580
898,calyrex,unnerve,none,none,psychic,grass,100,80,80,80,80,80,500
